cultivar;entrada;bloue;tratamiento;parcela;cod_parcela;num_planta;DDS;tallo_flora_curvatura;tallo_floral_bulbillo;follaje_porte;num_hojas;forma_longitudinal;posicion_dientes_extrbulb;forma_base;distribución_dientes;dientes_exteriores;peso_bulbo_gr;longitud_bulbo_mm;ancho_bulbo_mm;num_dientes
AJO SANTEÑO ;SANT24-01;1;T5;101;B1-101;1;140;9;9;2;8;2;2;2;1;1;51.00;36.56;50.05;11
AJO SANTEÑO ;SANT24-01;1;T5;101;B1-101;2;140;9;9;2;9;2;2;3;1;1;44.50;41.35;48.26;8
AJO SANTEÑO ;SANT24-01;1;T5;101;B1-101;3;140;9;9;2;9;2;2;3;1;1;35.50;34.92;44.62;4
AJO SANTEÑO ;SANT24-01;1;T5;101;B1-101;4;140;9;9;2;9;2;2;3;1;1;41.00;37.97;32.83;12
AJO SANTEÑO ;SANT24-01;1;T5;101;B1-101;5;140;9;9;2;8;2;2;2;1;1;55.00;39.95;50.34;9
AJO SANTEÑO ;SANT24-01;1;T5;101;B1-101;6;140;9;9;2;11;2;3;2;1;1;28.00;37.36;39.85;4
AJO SANTEÑO ;SANT24-01;1;T5;101;B1-101;7;140;9;9;2;8;2;3;2;1;9;32.00;35.16;34.38;5
AJO SANTEÑO ;SANT24-01;1;T5;101;B1-101;8;140;9;9;2;8;2;2;3;1;1;57.00;39.12;54.66;10
AJO SANTEÑO ;SANT24-01;1;T5;101;B1-101;9;140;9;9;2;8;2;3;2;1;1;36.00;40.70;37.42;5
AJO SANTEÑO ;SANT24-01;1;T5;101;B1-101;10;140;9;9;2;8;2;2;2;1;1;62.00;41.27;52.83;10
AJO CAÑETANO;CANT24-01;1;T6;102;B1-102;1;172;1;9;2;11;2;2;2;1;1;34.00;43.58;49.55;2
AJO CAÑETANO;CANT24-01;1;T6;102;B1-102;2;172;1;9;2;10;2;2;2;1;1;43.50;43.12;53.27;3
AJO CAÑETANO;CANT24-01;1;T6;102;B1-102;3;172;1;9;2;9;2;2;2;1;1;41.00;41.93;48.15;3
AJO CAÑETANO;CANT24-01;1;T6;102;B1-102;4;172;1;9;2;10;2;2;2;1;1;38.50;37.42;50.37;5
AJO CAÑETANO;CANT24-01;1;T6;102;B1-102;5;172;1;9;2;11;2;2;2;1;1;49.00;40.41;55.57;5
AJO CAÑETANO;CANT24-01;1;T6;102;B1-102;6;172;1;9;2;11;2;2;2;1;1;35.50;39.64;54.68;3
AJO CAÑETANO;CANT24-01;1;T6;102;B1-102;7;172;1;9;2;11;2;2;2;1;1;47.00;43.74;52.94;4
AJO CAÑETANO;CANT24-01;1;T6;102;B1-102;8;172;1;9;2;8;2;2;2;1;1;30.50;39.94;48.16;3
AJO CAÑETANO;CANT24-01;1;T6;102;B1-102;9;172;1;9;2;12;2;2;2;1;1;51.50;41.32;59.03;7
AJO CAÑETANO;CANT24-01;1;T6;102;B1-102;10;172;1;9;2;10;2;2;2;1;1;43.00;40.62;50.87;3
AJO DONAJUS;DONA24-01;1;T1;103;B1-103;1;172;1;9;2;7;2;2;2;1;1;35.50;35.91;48.37;9
AJO DONAJUS;DONA24-01;1;T1;103;B1-103;2;172;1;9;2;9;2;2;2;1;1;32.50;38.14;49.61;8
AJO DONAJUS;DONA24-01;1;T1;103;B1-103;3;172;1;9;2;9;2;2;2;1;1;49.00;40.50;54.76;11
AJO DONAJUS;DONA24-01;1;T1;103;B1-103;4;172;1;9;2;9;2;2;2;1;1;34.50;36.24;48.94;14
AJO DONAJUS;DONA24-01;1;T1;103;B1-103;5;172;1;9;2;9;2;2;2;1;1;53.00;41.07;57.77;14
AJO DONAJUS;DONA24-01;1;T1;103;B1-103;6;172;1;9;2;8;2;2;2;1;1;13.50;48.08;38.66;9
AJO DONAJUS;DONA24-01;1;T1;103;B1-103;7;172;1;9;2;9;2;2;2;1;1;23.00;33.35;41.93;8
AJO DONAJUS;DONA24-01;1;T1;103;B1-103;8;172;1;9;2;8;2;2;2;1;1;28.00;39.35;48.15;3
AJO DONAJUS;DONA24-01;1;T1;103;B1-103;9;172;1;9;2;9;2;2;2;1;1;20.50;34.64;42.50;8
AJO DONAJUS;DONA24-01;1;T1;103;B1-103;10;172;1;9;2;11;2;2;2;1;1;22.50;33.50;40.03;7
AJO CHINO;CHIN24-01;1;T3;104;B1-104;1;172;1;9;2;10;2;2;2;1;1;72.50;46.92;59.38;4
AJO CHINO;CHIN24-01;1;T3;104;B1-104;2;172;1;9;2;13;2;2;2;1;1;67.50;44.51;56.22;5
AJO CHINO;CHIN24-01;1;T3;104;B1-104;3;172;1;9;2;11;2;2;2;1;1;47.00;43.43;55.57;4
AJO CHINO;CHIN24-01;1;T3;104;B1-104;4;172;1;9;2;13;2;2;2;1;1;46.50;49.69;57.03;5
AJO CHINO;CHIN24-01;1;T3;104;B1-104;5;172;1;9;2;13;2;2;2;1;1;60.50;43.32;58.81;4
AJO CHINO;CHIN24-01;1;T3;104;B1-104;6;172;1;9;2;9;2;2;2;1;1;46.50;35.88;57.05;4
AJO CHINO;CHIN24-01;1;T3;104;B1-104;7;172;1;9;2;9;2;2;2;1;1;63.50;65.61;57.58;6
AJO CHINO;CHIN24-01;1;T3;104;B1-104;8;172;1;9;2;7;2;2;2;1;1;70.00;41.42;58.13;7
AJO CHINO;CHIN24-01;1;T3;104;B1-104;9;172;1;9;2;10;2;2;2;1;1;60.50;42.27;58.42;4
AJO CHINO;CHIN24-01;1;T3;104;B1-104;10;172;1;9;2;11;2;2;2;1;1;61.50;45.68;57.18;5
AJO BLANCO INIA;BLANC24-01;1;T2;105;B1-105;1;172;1;1;1;11;2;2;1;2;1;68.50;51.24;64.28;16
AJO BLANCO INIA;BLANC24-01;1;T2;105;B1-105;2;172;1;1;1;10;2;2;1;2;1;64.00;44.29;66.77;12
AJO BLANCO INIA;BLANC24-01;1;T2;105;B1-105;3;172;1;1;1;10;2;2;1;2;1;71.50;51.04;65.03;8
AJO BLANCO INIA;BLANC24-01;1;T2;105;B1-105;4;172;1;1;1;11;2;2;1;2;1;95.50;55.70;72.02;10
AJO BLANCO INIA;BLANC24-01;1;T2;105;B1-105;5;172;1;1;1;10;2;2;1;2;1;81.50;46.67;66.12;13
AJO BLANCO INIA;BLANC24-01;1;T2;105;B1-105;6;172;1;1;1;10;2;2;1;2;1;93.50;52.32;75.68;10
AJO BLANCO INIA;BLANC24-01;1;T2;105;B1-105;7;172;1;1;1;11;2;2;1;2;1;61.00;48.88;64.45;8
AJO BLANCO INIA;BLANC24-01;1;T2;105;B1-105;8;172;1;1;1;10;2;2;1;2;1;67.00;45.44;61.78;10
AJO BLANCO INIA;BLANC24-01;1;T2;105;B1-105;9;172;1;1;1;10;2;2;1;2;1;73.50;50.33;61.98;11
AJO BLANCO INIA;BLANC24-01;1;T2;105;B1-105;10;172;1;1;1;10;2;2;1;2;1;47.00;41.03;56.37;9
AJO KYAN ;KYAN24-01;1;T4;106;B1-106;1;172;9;9;2;10;3;3;3;1;1;58.00;29.65;48.01;7.00
AJO KYAN ;KYAN24-01;1;T4;106;B1-106;2;172;9;9;2;10;3;3;3;1;1;67.50;43.98;47.70;6.00
AJO KYAN ;KYAN24-01;1;T4;106;B1-106;3;172;9;9;2;11;3;3;3;1;1;76.00;43.68;54.22;12.00
AJO KYAN ;KYAN24-01;1;T4;106;B1-106;4;172;9;9;2;15;3;3;3;1;1;80.50;41.44;54.01;9.00
AJO KYAN ;KYAN24-01;1;T4;106;B1-106;5;172;9;9;2;14;3;3;3;1;1;37.00;37.18;48.57;5.00
AJO KYAN ;KYAN24-01;1;T4;106;B1-106;6;172;9;9;2;13;3;3;3;1;1;45.50;38.21;51.80;6.00
AJO KYAN ;KYAN24-01;1;T4;106;B1-106;7;172;9;9;2;14;3;3;3;1;1;60.00;38.55;45.92;4.00
AJO KYAN ;KYAN24-01;1;T4;106;B1-106;8;172;9;9;2;10;3;3;3;1;1;46.00;37.48;46.92;6.00
AJO KYAN ;KYAN24-01;1;T4;106;B1-106;9;172;9;9;2;11;3;3;3;1;1;31.00;32.86;47.27;4.00
AJO KYAN ;KYAN24-01;1;T4;106;B1-106;10;172;9;9;2;11;3;3;3;1;1;45.50;31.53;45.91;9.00
AJO KYAN ;KYAN24-01;2;T4;201;B2-201;1;172;9;9;2;17;3;3;3;1;1;38.50;46.78;48.77;2
AJO KYAN ;KYAN24-01;2;T4;201;B2-201;2;172;9;9;2;14;3;3;3;1;1;34.50;52.22;45.36;2
AJO KYAN ;KYAN24-01;2;T4;201;B2-201;3;172;9;9;2;12;3;3;3;1;1;32.00;49.67;43.77;3
AJO KYAN ;KYAN24-01;2;T4;201;B2-201;4;172;9;9;2;15;3;3;1;1;1;31.00;32.50;49.17;18
AJO KYAN ;KYAN24-01;2;T4;201;B2-201;5;172;9;9;2;15;3;3;3;1;1;37.50;48.54;40.35;4
AJO KYAN ;KYAN24-01;2;T4;201;B2-201;6;172;9;9;2;14;3;3;3;1;1;28.50;38.32;45.73;2
AJO KYAN ;KYAN24-01;2;T4;201;B2-201;7;172;9;9;2;14;3;3;3;1;1;30.50;40.47;47.31;4
AJO KYAN ;KYAN24-01;2;T4;201;B2-201;8;172;9;9;2;16;3;3;3;1;1;47.50;39.00;53.97;3
AJO KYAN ;KYAN24-01;2;T4;201;B2-201;9;172;9;9;2;14;3;3;3;1;1;51.50;50.28;51.78;5
AJO KYAN ;KYAN24-01;2;T4;201;B2-201;10;172;9;9;2;14;3;3;3;1;9;65.00;41.75;53.33;7
AJO CHINO;CHIN24-01;2;T3;202;B2-202;1;172;1;9;2;8;2;2;2;1;1;51.00;35.85;55.03;4
AJO CHINO;CHIN24-01;2;T3;202;B2-202;2;172;1;9;2;10;2;2;2;1;1;44.00;37.21;52.71;5
AJO CHINO;CHIN24-01;2;T3;202;B2-202;3;172;1;9;2;10;2;2;2;1;1;57.00;41.23;54.88;3
AJO CHINO;CHIN24-01;2;T3;202;B2-202;4;172;1;9;2;10;2;2;2;1;1;56.50;41.36;53.80;3
AJO CHINO;CHIN24-01;2;T3;202;B2-202;5;172;1;9;2;10;2;2;2;1;1;67.00;44.15;57.57;4
AJO CHINO;CHIN24-01;2;T3;202;B2-202;6;172;1;9;2;10;2;2;2;1;1;69.50;41.15;58.83;6
AJO CHINO;CHIN24-01;2;T3;202;B2-202;7;172;1;9;2;10;2;2;2;1;1;55.50;43.93;57.70;4
AJO CHINO;CHIN24-01;2;T3;202;B2-202;8;172;1;9;2;11;2;2;2;1;1;67.50;38.66;58.21;4
AJO CHINO;CHIN24-01;2;T3;202;B2-202;9;172;1;9;2;9;2;2;2;1;1;39.00;40.81;54.29;4
AJO CHINO;CHIN24-01;2;T3;202;B2-202;10;172;1;9;2;10;2;2;2;1;1;70.00;40.14;59.49;5
AJO BLANCO INIA;BLANC24-01;2;T2;203;B2-203;1;172;9;9;2;11;2;2;1;2;9;70.50;50.15;67.44;11
AJO BLANCO INIA;BLANC24-01;2;T2;203;B2-203;2;172;9;9;2;13;2;2;1;2;9;57.50;46.40;65.03;9
AJO BLANCO INIA;BLANC24-01;2;T2;203;B2-203;3;172;9;9;2;13;2;2;1;2;1;96.50;53.48;72.73;13
AJO BLANCO INIA;BLANC24-01;2;T2;203;B2-203;4;172;9;9;2;10;2;2;1;2;9;64.00;48.82;59.15;8
AJO BLANCO INIA;BLANC24-01;2;T2;203;B2-203;5;172;9;9;2;13;2;2;1;2;1;77.50;51.32;64.59;13
AJO BLANCO INIA;BLANC24-01;2;T2;203;B2-203;6;172;9;9;2;11;2;2;1;2;1;40.00;40.06;50.25;7
AJO BLANCO INIA;BLANC24-01;2;T2;203;B2-203;7;172;9;9;2;14;2;2;1;2;1;67.00;52.96;62.38;10
AJO BLANCO INIA;BLANC24-01;2;T2;203;B2-203;8;172;9;9;2;11;2;2;2;2;1;48.00;49.47;57.11;6
AJO BLANCO INIA;BLANC24-01;2;T2;203;B2-203;9;172;9;9;2;11;2;2;2;2;1;62.50;53.88;55.36;9
AJO BLANCO INIA;BLANC24-01;2;T2;203;B2-203;10;172;9;9;2;12;2;2;1;2;1;67.00;44.13;61.81;9
AJO DONAJUS;DONA24-01;2;T1;204;B2-204;1;172;9;9;2;11;2;2;1;1;1;39.00;42.24;51.18;5
AJO DONAJUS;DONA24-01;2;T1;204;B2-204;2;172;9;9;2;11;2;2;1;1;1;45.00;33.38;53.17;6
AJO DONAJUS;DONA24-01;2;T1;204;B2-204;3;172;9;9;2;12;2;2;1;1;1;39.50;37.78;55.02;10
AJO DONAJUS;DONA24-01;2;T1;204;B2-204;4;172;9;9;2;11;2;2;1;1;1;54.50;37.88;54.90;12
AJO DONAJUS;DONA24-01;2;T1;204;B2-204;5;172;9;9;2;12;2;2;1;1;1;49.50;33.40;49.27;10
AJO DONAJUS;DONA24-01;2;T1;204;B2-204;6;172;9;9;2;11;2;2;1;1;1;46.50;36.10;50.59;13
AJO DONAJUS;DONA24-01;2;T1;204;B2-204;7;172;9;9;2;12;2;2;1;1;1;55.50;40.82;55.74;9
AJO DONAJUS;DONA24-01;2;T1;204;B2-204;8;172;9;9;2;9;2;2;1;1;1;50.50;33.60;48.08;6
AJO DONAJUS;DONA24-01;2;T1;204;B2-204;9;172;9;9;2;12;2;2;1;1;1;52.00;42.18;57.39;10
AJO DONAJUS;DONA24-01;2;T1;204;B2-204;10;172;9;9;2;10;2;2;1;1;1;38.00;46.57;50.67;8
AJO CAÑETANO;CANT24-01;2;T6;205;B2-205;1;172;1;9;1;11;2;3;2;2;9;47.00;42.99;55.42;7
AJO CAÑETANO;CANT24-01;2;T6;205;B2-205;2;172;1;9;1;13;2;3;2;2;9;38.00;54.65;54.65;6
AJO CAÑETANO;CANT24-01;2;T6;205;B2-205;3;172;1;9;1;9;2;3;2;2;9;56.50;42.23;56.06;6
AJO CAÑETANO;CANT24-01;2;T6;205;B2-205;4;172;1;9;1;11;2;3;2;2;9;52.50;43.73;57.58;7
AJO CAÑETANO;CANT24-01;2;T6;205;B2-205;5;172;1;9;1;11;2;3;2;2;9;60.00;40.43;56.03;8
AJO CAÑETANO;CANT24-01;2;T6;205;B2-205;6;172;1;9;1;13;2;3;2;2;9;54.50;48.38;52.94;9
AJO CAÑETANO;CANT24-01;2;T6;205;B2-205;7;172;1;9;1;12;2;3;2;2;9;50.00;41.39;56.48;7
AJO CAÑETANO;CANT24-01;2;T6;205;B2-205;8;172;1;9;1;13;2;3;2;2;9;33.50;37.79;48.76;8
AJO CAÑETANO;CANT24-01;2;T6;205;B2-205;9;172;1;9;1;11;2;3;2;2;9;40.50;42.18;52.06;5
AJO CAÑETANO;CANT24-01;2;T6;205;B2-205;10;172;1;9;1;12;2;3;2;2;9;44.50;40.92;55.06;8
AJO SANTEÑO ;SANT24-01;2;T5;206;B2-206;1;140;9;9;2;7;2;2;2;1;1;59.50;42.95;55.78;12
AJO SANTEÑO ;SANT24-01;2;T5;206;B2-206;2;140;9;9;2;9;2;2;2;1;1;51.50;35.52;52.12;11
AJO SANTEÑO ;SANT24-01;2;T5;206;B2-206;3;140;9;9;2;11;2;3;2;1;1;60.00;45.74;54.57;11
AJO SANTEÑO ;SANT24-01;2;T5;206;B2-206;4;140;9;9;2;8;2;3;2;1;1;75.00;40.45;55.42;12
AJO SANTEÑO ;SANT24-01;2;T5;206;B2-206;5;140;9;9;2;8;2;2;2;1;1;43.50;34.10;46.94;9
AJO SANTEÑO ;SANT24-01;2;T5;206;B2-206;6;140;9;9;2;8;2;2;2;1;1;52.50;35.57;51.56;11
AJO SANTEÑO ;SANT24-01;2;T5;206;B2-206;7;140;9;9;2;7;2;2;3;1;1;61.00;39.22;53.71;10
AJO SANTEÑO ;SANT24-01;2;T5;206;B2-206;8;140;9;9;2;7;2;2;3;1;1;59.00;34.13;55.28;10
AJO SANTEÑO ;SANT24-01;2;T5;206;B2-206;9;140;9;9;2;7;2;2;2;1;1;49.50;35.97;53.11;11
AJO SANTEÑO ;SANT24-01;2;T5;206;B2-206;10;140;9;9;2;9;2;2;2;1;1;48.00;33.28;50.97;11
AJO CAÑETANO;CANT24-01;3;T6;301;B3-301;1;172;1;9;2;11;2;2;2;1;1;66.00;49.88;61.12;11
AJO CAÑETANO;CANT24-01;3;T6;301;B3-301;2;172;1;9;2;11;2;2;2;1;1;32.00;37.51;48.33;8
AJO CAÑETANO;CANT24-01;3;T6;301;B3-301;3;172;1;9;2;12;2;2;2;1;1;38.00;43.07;51.03;4
AJO CAÑETANO;CANT24-01;3;T6;301;B3-301;4;172;1;9;2;13;2;2;2;1;1;35.00;41.13;49.71;3
AJO CAÑETANO;CANT24-01;3;T6;301;B3-301;5;172;1;9;2;10;2;2;2;1;1;41.50;44.39;52.31;4
AJO CAÑETANO;CANT24-01;3;T6;301;B3-301;6;172;1;9;2;9;2;2;2;1;1;46.50;41.59;56.23;7
AJO CAÑETANO;CANT24-01;3;T6;301;B3-301;7;172;1;9;2;11;2;2;2;1;1;30.50;35.62;47.38;6
AJO CAÑETANO;CANT24-01;3;T6;301;B3-301;8;172;1;9;2;11;2;2;2;1;1;34.50;38.22;45.86;6
AJO CAÑETANO;CANT24-01;3;T6;301;B3-301;9;172;1;9;2;8;2;2;2;1;1;46.00;37.28;44.53;11
AJO CAÑETANO;CANT24-01;3;T6;301;B3-301;10;172;1;9;2;12;2;2;2;1;1;47.00;43.09;52.74;5
AJO SANTEÑO ;SANT24-01;3;T5;302;B3-302;1;140;9;9;2;8;2;2;3;1;9;80.50;36.52;52.60;10
AJO SANTEÑO ;SANT24-01;3;T5;302;B3-302;2;140;9;9;2;9;2;2;3;1;1;53.50;36.97;47.59;9
AJO SANTEÑO ;SANT24-01;3;T5;302;B3-302;3;140;9;9;2;9;2;2;2;1;1;61.00;37.04;45.58;11
AJO SANTEÑO ;SANT24-01;3;T5;302;B3-302;4;140;9;9;2;9;2;2;3;1;1;45.50;35.26;47.70;9
AJO SANTEÑO ;SANT24-01;3;T5;302;B3-302;5;140;9;9;2;7;2;2;2;1;1;81.50;37.68;59.78;10
AJO SANTEÑO ;SANT24-01;3;T5;302;B3-302;6;140;9;9;2;9;2;2;2;1;1;81.00;37.64;58.45;12
AJO SANTEÑO ;SANT24-01;3;T5;302;B3-302;7;140;9;9;2;8;2;2;3;1;1;26.00;34.36;38.76;10
AJO SANTEÑO ;SANT24-01;3;T5;302;B3-302;8;140;9;9;2;8;2;2;2;1;1;67.50;37.69;53.67;12
AJO SANTEÑO ;SANT24-01;3;T5;302;B3-302;9;140;9;9;2;7;2;2;2;1;1;68.50;36.28;55.83;10
AJO SANTEÑO ;SANT24-01;3;T5;302;B3-302;10;140;9;9;2;12;2;2;2;1;1;49.00;34.49;49.99;10
AJO KYAN ;KYAN24-01;3;T4;303;B3-303;1;172;9;9;2;13;2;2;2;1;1;43.50;43.14;50.73;9
AJO KYAN ;KYAN24-01;3;T4;303;B3-303;2;172;9;9;2;13;2;2;2;1;1;62.50;43.80;61.21;10
AJO KYAN ;KYAN24-01;3;T4;303;B3-303;3;172;9;9;2;13;2;2;2;1;1;35.00;40.68;49.28;6
AJO KYAN ;KYAN24-01;3;T4;303;B3-303;4;172;9;9;2;13;2;2;2;1;9;73.50;40.13;64.64;7
AJO KYAN ;KYAN24-01;3;T4;303;B3-303;5;172;9;9;2;13;2;2;2;1;1;42.00;33.41;53.20;12
AJO KYAN ;KYAN24-01;3;T4;303;B3-303;6;172;9;9;2;13;2;2;2;1;1;50.50;43.23;53.13;8
AJO KYAN ;KYAN24-01;3;T4;303;B3-303;7;172;9;9;2;13;2;2;2;1;1;42.50;40.72;49.92;7
AJO KYAN ;KYAN24-01;3;T4;303;B3-303;8;172;9;9;2;13;2;2;2;1;1;60.00;45.22;56.66;8
AJO KYAN ;KYAN24-01;3;T4;303;B3-303;9;172;9;9;2;13;2;2;2;1;1;50.00;39.41;56.98;7
AJO KYAN ;KYAN24-01;3;T4;303;B3-303;10;172;9;9;2;13;2;2;2;1;1;46.00;32.59;56.32;7
AJO CHINO;CHIN24-01;3;T3;304;B3-304;1;172;9;9;2;12;2;2;2;1;1;55.50;46.13;51.52;4
AJO CHINO;CHIN24-01;3;T3;304;B3-304;2;172;9;9;2;13;2;2;2;1;1;68.00;42.61;56.48;6
AJO CHINO;CHIN24-01;3;T3;304;B3-304;3;172;9;9;2;14;2;2;2;1;1;63.00;44.77;55.38;6
AJO CHINO;CHIN24-01;3;T3;304;B3-304;4;172;9;9;2;12;2;2;2;1;1;78.50;39.84;60.05;6
AJO CHINO;CHIN24-01;3;T3;304;B3-304;5;172;9;9;2;14;2;2;2;1;1;75.00;48.23;60.77;4
AJO CHINO;CHIN24-01;3;T3;304;B3-304;6;172;9;9;2;12;2;2;2;1;1;54.50;35.37;52.25;5
AJO CHINO;CHIN24-01;3;T3;304;B3-304;7;172;9;9;2;14;2;2;2;1;1;77.00;45.59;60.09;4
AJO CHINO;CHIN24-01;3;T3;304;B3-304;8;172;9;9;2;10;2;2;2;1;1;54.50;34.80;58.30;4
AJO CHINO;CHIN24-01;3;T3;304;B3-304;9;172;9;9;2;15;2;2;2;1;1;76.00;46.29;64.20;5
AJO CHINO;CHIN24-01;3;T3;304;B3-304;10;172;9;9;2;12;2;2;2;1;1;39.50;40.01;51.42;3
AJO DONAJUS;DONA24-01;3;T1;305;B3-305;1;172;1;9;1;11;2;2;2;1;1;39.00;39.23;49.29;6
AJO DONAJUS;DONA24-01;3;T1;305;B3-305;2;172;1;9;1;11;2;2;2;1;1;40.00;37.25;48.58;10
AJO DONAJUS;DONA24-01;3;T1;305;B3-305;3;172;1;9;1;10;2;2;2;1;1;30.50;39.13;46.41;4
AJO DONAJUS;DONA24-01;3;T1;305;B3-305;4;172;1;9;1;9;2;2;2;1;1;37.00;38.39;50.32;6
AJO DONAJUS;DONA24-01;3;T1;305;B3-305;5;172;1;9;1;9;2;2;2;1;1;41.50;40.35;51.86;10
AJO DONAJUS;DONA24-01;3;T1;305;B3-305;6;172;1;9;1;11;2;2;2;1;1;49.50;40.66;56.47;10
AJO DONAJUS;DONA24-01;3;T1;305;B3-305;7;172;1;9;1;10;2;2;2;1;1;37.50;39.34;50.81;9
AJO DONAJUS;DONA24-01;3;T1;305;B3-305;8;172;1;9;1;11;2;2;2;1;9;24.00;31.49;44.16;8
AJO DONAJUS;DONA24-01;3;T1;305;B3-305;9;172;1;9;1;12;2;2;2;1;1;45.00;38.49;51.71;10
AJO DONAJUS;DONA24-01;3;T1;305;B3-305;10;172;1;9;1;11;2;2;2;1;1;14.00;33.91;40.81;5
AJO BLANCO INIA;BLANC24-01;3;T2;306;B3-306;1;172;1;9;1;13;1;1;2;1;1;41.50;46.46;59.25;7
AJO BLANCO INIA;BLANC24-01;3;T2;306;B3-306;2;172;1;9;1;14;1;3;2;1;1;59.00;49.61;66.38;11
AJO BLANCO INIA;BLANC24-01;3;T2;306;B3-306;3;172;1;9;1;13;3;1;2;1;1;65.00;58.13;60.00;7
AJO BLANCO INIA;BLANC24-01;3;T2;306;B3-306;4;172;1;9;1;12;2;3;2;1;1;88.50;57.66;58.59;10
AJO BLANCO INIA;BLANC24-01;3;T2;306;B3-306;5;172;1;9;1;13;3;2;2;2;9;49.00;54.54;58.64;5
AJO BLANCO INIA;BLANC24-01;3;T2;306;B3-306;6;172;1;9;1;16;2;2;2;2;9;41.50;50.12;61.38;9
AJO BLANCO INIA;BLANC24-01;3;T2;306;B3-306;7;172;1;9;1;12;2;3;2;1;1;44.00;46.84;49.54;6
AJO BLANCO INIA;BLANC24-01;3;T2;306;B3-306;8;172;1;9;1;11;2;3;2;2;9;37.50;54.16;53.56;9
AJO BLANCO INIA;BLANC24-01;3;T2;306;B3-306;9;172;1;9;1;14;2;3;2;1;1;75.00;58.34;65.98;13
AJO BLANCO INIA;BLANC24-01;3;T2;306;B3-306;10;172;1;9;1;11;2;3;2;1;1;48.50;47.20;55.01;6
AJO DONAJUS;DONAJ24-01;4;T1;401;B4-401;1;172;9;9;2;14;2;2;2;1;1;34.50;40.39;44.74;6
AJO DONAJUS;DONAJ24-01;4;T1;401;B4-401;2;172;9;9;2;16;2;2;2;1;1;34.00;44.65;51.12;3
AJO DONAJUS;DONAJ24-01;4;T1;401;B4-401;3;172;9;9;2;8;2;2;2;1;1;31.00;43.56;47.71;5
AJO DONAJUS;DONAJ24-01;4;T1;401;B4-401;4;172;9;9;2;10;2;2;2;1;1;49.00;41.49;56.48;9
AJO DONAJUS;DONAJ24-01;4;T1;401;B4-401;5;172;9;9;2;12;2;2;2;1;1;38.50;43.02;46.65;6
AJO DONAJUS;DONAJ24-01;4;T1;401;B4-401;6;172;9;9;2;8;2;2;2;1;9;64.50;47.78;55.59;16
AJO DONAJUS;DONAJ24-01;4;T1;401;B4-401;7;172;9;9;2;10;2;2;2;1;1;34.00;43.92;49.32;3
AJO DONAJUS;DONAJ24-01;4;T1;401;B4-401;8;172;9;9;2;7;2;2;2;1;1;34.50;39.75;50.08;6
AJO DONAJUS;DONAJ24-01;4;T1;401;B4-401;9;172;9;9;2;9;2;2;2;1;1;45.00;44.42;51.23;6
AJO DONAJUS;DONAJ24-01;4;T1;401;B4-401;10;172;9;9;2;7;2;2;2;1;1;45.50;48.97;53.04;9
AJO BLANCO INIA;BLANC24-01;4;T2;402;B4-402;1;172;9;9;1;11;2;3;3;2;9;68.00;52.99;63.11;10
AJO BLANCO INIA;BLANC24-01;4;T2;402;B4-402;2;172;9;9;1;12;2;3;3;1;9;37.00;42.43;50.25;4
AJO BLANCO INIA;BLANC24-01;4;T2;402;B4-402;3;172;9;9;1;12;2;3;3;2;9;43.00;53.95;38.58;8
AJO BLANCO INIA;BLANC24-01;4;T2;402;B4-402;4;172;9;9;1;13;2;3;3;2;9;67.00;48.06;69.99;9
AJO BLANCO INIA;BLANC24-01;4;T2;402;B4-402;5;172;9;9;1;11;2;3;3;2;9;67.50;53.05;64.91;8
AJO BLANCO INIA;BLANC24-01;4;T2;402;B4-402;6;172;9;9;1;11;2;3;3;1;9;64.00;47.11;60.65;9
AJO BLANCO INIA;BLANC24-01;4;T2;402;B4-402;7;172;9;9;1;11;2;3;3;1;9;69.50;40.74;52.58;11
AJO BLANCO INIA;BLANC24-01;4;T2;402;B4-402;8;172;9;9;1;11;2;3;3;2;1;99.50;55.99;65.98;12
AJO BLANCO INIA;BLANC24-01;4;T2;402;B4-402;9;172;9;9;1;13;2;3;3;2;1;62.00;56.63;59.11;8
AJO BLANCO INIA;BLANC24-01;4;T2;402;B4-402;10;172;9;9;1;13;2;3;3;2;1;66.00;40.16;47.85;12
AJO CHINO;CHIN24-01;4;T3;403;B4-403;1;172;9;9;2;11;2;2;2;1;1;68.50;50.64;60.69;7
AJO CHINO;CHIN24-01;4;T3;403;B4-403;2;172;9;9;2;8;2;2;2;1;1;53.50;43.98;53.35;5
AJO CHINO;CHIN24-01;4;T3;403;B4-403;3;172;9;9;2;12;2;2;2;1;1;64.00;54.21;57.21;4
AJO CHINO;CHIN24-01;4;T3;403;B4-403;4;172;9;9;2;11;2;2;2;1;1;54.00;44.42;50.87;5
AJO CHINO;CHIN24-01;4;T3;403;B4-403;5;172;9;9;2;11;2;2;2;1;1;58.50;53.79;59.22;5
AJO CHINO;CHIN24-01;4;T3;403;B4-403;6;172;9;9;2;10;2;2;2;1;9;38.50;42.48;48.95;5
AJO CHINO;CHIN24-01;4;T3;403;B4-403;7;172;9;9;2;11;2;2;2;1;9;57.50;50.38;53.70;5
AJO CHINO;CHIN24-01;4;T3;403;B4-403;8;172;9;9;2;10;2;2;2;1;1;52.50;48.32;50.31;4
AJO CHINO;CHIN24-01;4;T3;403;B4-403;9;172;9;9;2;11;2;2;2;1;1;42.00;41.83;48.13;4
AJO CHINO;CHIN24-01;4;T3;403;B4-403;10;172;9;9;2;10;2;2;2;1;1;52.00;48.22;55.82;6
AJO KYAN ;KYAN24-01;4;T4;404;B4-404;1;172;9;9;3;12;3;3;3;1;1;52.50;43.42;54.51;5
AJO KYAN ;KYAN24-01;4;T4;404;B4-404;2;172;9;9;3;10;3;3;3;1;1;35.50;45.05;49.62;3
AJO KYAN ;KYAN24-01;4;T4;404;B4-404;3;172;9;9;3;13;3;3;3;1;1;34.00;41.36;46.45;4
AJO KYAN ;KYAN24-01;4;T4;404;B4-404;4;172;9;9;3;12;3;3;3;1;1;55.50;45.04;58.25;9
AJO KYAN ;KYAN24-01;4;T4;404;B4-404;5;172;9;9;3;14;3;3;3;1;1;34.50;40.41;48.09;3
AJO KYAN ;KYAN24-01;4;T4;404;B4-404;6;172;9;9;3;11;3;3;3;1;1;42.00;30.94;44.82;6
AJO KYAN ;KYAN24-01;4;T4;404;B4-404;7;172;9;9;3;11;3;3;3;1;1;49.80;37.56;43.82;4
AJO KYAN ;KYAN24-01;4;T4;404;B4-404;8;172;9;9;3;11;3;3;3;1;1;39.50;35.20;48.58;3
AJO KYAN ;KYAN24-01;4;T4;404;B4-404;9;172;9;9;3;13;3;3;3;1;1;48.00;41.94;61.20;9
AJO KYAN ;KYAN24-01;4;T4;404;B4-404;10;172;9;9;3;13;3;3;3;1;1;67.00;50.04;48.16;4
AJO SANTEÑO ;SANT24-01;4;T5;405;B4-405;1;140;9;9;2;8;2;2;2;1;1;49.50;35.54;50.81;11
AJO SANTEÑO ;SANT24-01;4;T5;405;B4-405;2;140;9;9;2;7;2;2;2;1;1;52.50;35.76;55.41;11
AJO SANTEÑO ;SANT24-01;4;T5;405;B4-405;3;140;9;9;2;7;2;2;2;1;1;62.50;35.56;53.27;11
AJO SANTEÑO ;SANT24-01;4;T5;405;B4-405;4;140;9;9;2;8;2;2;2;1;1;76.50;33.47;63.17;11
AJO SANTEÑO ;SANT24-01;4;T5;405;B4-405;5;140;9;9;2;9;2;2;2;1;1;77.00;40.63;57.65;11
AJO SANTEÑO ;SANT24-01;4;T5;405;B4-405;6;140;9;9;2;8;2;2;2;1;1;84.50;38.42;63.66;11
AJO SANTEÑO ;SANT24-01;4;T5;405;B4-405;7;140;9;9;2;7;2;2;2;1;1;48.00;35.69;48.61;11
AJO SANTEÑO ;SANT24-01;4;T5;405;B4-405;8;140;9;9;2;7;2;2;2;1;1;98.00;42.61;65.63;11
AJO SANTEÑO ;SANT24-01;4;T5;405;B4-405;9;140;9;9;2;7;2;2;2;1;1;44.50;31.45;49.29;11
AJO SANTEÑO ;SANT24-01;4;T5;405;B4-405;10;140;9;9;2;7;2;2;2;1;1;59.50;40.87;51.15;13
AJO CAÑETANO;CANT24-01;4;T6;406;B4-406;1;172;1;9;1;12;2;2;2;1;1;34.00;43.58;49.55;2
AJO CAÑETANO;CANT24-01;4;T6;406;B4-406;2;172;1;9;1;12;2;2;2;1;1;43.50;43.12;53.27;3
AJO CAÑETANO;CANT24-01;4;T6;406;B4-406;3;172;1;9;1;10;2;2;2;1;1;41.00;41.93;48.15;3
AJO CAÑETANO;CANT24-01;4;T6;406;B4-406;4;172;1;9;1;12;2;2;2;1;1;38.50;37.42;50.37;5
AJO CAÑETANO;CANT24-01;4;T6;406;B4-406;5;172;1;9;1;9;2;2;2;1;1;49.00;40.41;55.57;5
AJO CAÑETANO;CANT24-01;4;T6;406;B4-406;6;172;1;9;1;12;2;2;2;1;1;35.50;39.64;54.68;3
AJO CAÑETANO;CANT24-01;4;T6;406;B4-406;7;172;1;9;1;11;2;2;2;1;1;47.00;43.74;52.94;4
AJO CAÑETANO;CANT24-01;4;T6;406;B4-406;8;172;1;9;1;9;2;2;2;1;1;30.50;39.94;48.16;3
AJO CAÑETANO;CANT24-01;4;T6;406;B4-406;9;172;1;9;1;11;2;2;2;1;1;51.50;41.32;59.03;7
AJO CAÑETANO;CANT24-01;4;T6;406;B4-406;10;172;1;9;1;11;2;2;2;1;1;43.00;40.62;50.87;3
;;;;;;;;;;;;;;;;;;;;
